{
    "0": 0.3017768054508296,
    "1": 0.3504927952689119,
    "2": 0.3889521634901176,
    "3": 0.47367803778733886,
    "4": 0.6306711319329424,
    "5": 0.7390519450843097,
    "6": 0.7593412982438253,
    "7": 0.7274514661992267,
    "8": 0.6804256403427779,
    "9": 0.5127103435079298,
    "10": 0.3135202346920127,
    "11": 0.3047045276345174
}