{
    "0": 0.14400187193413197,
    "1": 0.17679423948312686,
    "2": 0.1985750476824145,
    "3": 0.2634640780018356,
    "4": 0.423469529233566,
    "5": 0.6010618169834816,
    "6": 0.6459221285463819,
    "7": 0.6060181769812397,
    "8": 0.5168278203465714,
    "9": 0.31804577456492067,
    "10": 0.16371767821425512,
    "11": 0.1491702379447623
}