{
    "0": 0.19106062150008704,
    "1": 0.22562080281810695,
    "2": 0.25322473797462824,
    "3": 0.324353192977374,
    "4": 0.49937302179654514,
    "5": 0.6659617651219456,
    "6": 0.7230528110842575,
    "7": 0.6792592791514634,
    "8": 0.586745902354472,
    "9": 0.3857340205390037,
    "10": 0.2094852149140901,
    "11": 0.19784201813179156
}