{
    "0": 0.5511018914493889,
    "1": 0.6083684489559058,
    "2": 0.670656544653568,
    "3": 0.7411503285871244,
    "4": 0.7804267543040221,
    "5": 0.7734877448731656,
    "6": 0.7561990164766108,
    "7": 0.7421145242599155,
    "8": 0.8019741426765123,
    "9": 0.763911676717998,
    "10": 0.46025406206428715,
    "11": 0.5304218069511858
}